"indicador","calculado","PDF","tolerancia","coincide"
"Tabla2_beta_1",0.296362856749525,0.2964,0.000051,TRUE
"Tabla2_beta_2",0.291919323487525,0.2919,0.000051,TRUE
"Tabla2_beta_3",0.215435698284934,0.2154,0.000051,TRUE
"Tabla2_beta_4",0.213988132249033,0.214,0.000051,TRUE
"Tabla2_N_1",3895,3895,0,TRUE
"Tabla2_N_2",3895,3895,0,TRUE
"Tabla2_N_3",3895,3895,0,TRUE
"Tabla2_N_4",3895,3895,0,TRUE
"Tabla4_coef",6.7807686210081,6.7808,0.000051,TRUE
"Tabla4_se_robusto",5.46152686011703,5.4615,0.000051,TRUE
"Tabla4_p_robusto",0.092849219535795,0.0928,0.000051,TRUE
"Tabla4_IC_inf",-1.52599508851423,-1.526,0.000051,TRUE
"Tabla4_IC_sup",19.8827968043408,19.8828,0.000051,TRUE
"Tabla4_h",26.886265389801,26.8863,0.000051,TRUE
"Tabla4_b",46.4675404201835,46.4675,0.000051,TRUE
"Tabla4_N_izq",296,296,0,TRUE
"Tabla4_N_der",166,166,0,TRUE
"Tabla4_Nh_izq",130,130,0,TRUE
"Tabla4_Nh_der",110,110,0,TRUE
"Densidad_estadistico",0.343317256658172,0.3433,0.000051,TRUE
"Densidad_p",0.731359799947582,0.7314,0.000051,TRUE
"Tabla3_coef_1",0.524972664937797,0.525,0.000051,TRUE
"Tabla3_coef_2",-0.168078111418158,-0.1681,0.000051,TRUE
"Tabla3_coef_3",-4.16081481085119,-4.1608,0.000051,TRUE
"Tabla3_coef_4",0.00786581190579794,0.0079,0.000051,TRUE
"Tabla3_coef_5",0.0161049706483165,0.0161,0.000051,TRUE
"Tabla3_se_1",3.84226510658749,3.8423,0.000051,TRUE
"Tabla3_se_2",2.45276922628167,2.4528,0.000051,TRUE
"Tabla3_se_3",3.18178940524096,3.1818,0.000051,TRUE
"Tabla3_se_4",0.0373051927116128,0.0373,0.000051,TRUE
"Tabla3_se_5",0.0507039904425142,0.0507,0.000051,TRUE
"Tabla3_p_1",0.845109076401651,0.8451,0.000051,TRUE
"Tabla3_p_2",0.952976674936015,0.953,0.000051,TRUE
"Tabla3_p_3",0.156512408772976,0.1565,0.000051,TRUE
"Tabla3_p_4",0.7723552331766,0.7724,0.000051,TRUE
"Tabla3_p_5",0.695319579820697,0.6953,0.000051,TRUE
"Tabla3_N_1",432,432,0,TRUE
"Tabla3_N_2",409,409,0,TRUE
"Tabla3_N_3",382,382,0,TRUE
"Tabla3_N_4",432,432,0,TRUE
"Tabla3_N_5",432,432,0,TRUE
